request,answer
"De nos jours, il faut être un expert en tout.","An jou, i ni tan-nou ka mandé chak moun viré ekspè an sa yo ka fè."
Une femme de Fond Massacre travaillait déjà le jardin à la fourche.,Yonn ti fanm Fonn-Maskrav té ka travay latè a adan.
"Cheval, mon vieux, tu iras chercher Colibri.","Chwal, gran moun, ou ké alé chaché Kolibri."
L’apiculture demande énormément de patience.,"An silans, ek ki dèmi-onz :(arga)"
"Mon mandat, ma chérie !","Mandé-mwen, chimè !"
Il se vit dans un tribunal où des crapauds à la gueule cadenassée et aux pattes attachées en croix étaient fichés sur une tige de bambou.,I té ka fè yonn ti konmansman notaryat la lè yonn gou bèché yonn sel out silansach.
C’est exactement ce que je vous dis !,Sa pa ni menm dout'.
Tous vos cheveux n'ont pas encore blanchi.,Toutt' sé toufwé'w ja pa vini an blan.
"Alors son cœur qui battait comme un tambour de lagghia, se calma.","Ansanm, ké co a-ou ki té bat kayilosou, té pézé."
Mon médecin a fait un stage d’acupuncture en Chine.,Médecin-mwen té fè yon staj annakilpilti an Lachin.
"Alors, son ventre éclata : boum !","Ansanm, vèntè adyikile : boum !"
Il était un bel homme de grande taille aux cheveux bouclés mais cependant avec des manières un peu rustres.,"Y té on bel nonm obenpié, ek an kabéch anlò obenpié anlò bouklé. Mé i té ni dé fason obenpié ki té asé rèd."
Ses manières suffisantes ne datent pas d’hier.,Sa mannyè dè fè i ka gadé tout moun anba'y pa niou dè jou.
"Dieu parlait aux hommes, comme moi je vous parle en ce moment.","Dikontè i té ka pòlé avèk moun, asi mwen menm lajounen an.\n"
"Sa grand-mère, une vieille maman Tortue.","Sa gran-mè, anviéy manmay Tòti."
Je t’interdis de mettre les pieds dans la commune de Fond Grand-Anse.,Mwen interdi'w mache adan konmansman Fonnwonsg.
Je n'ai fait que m'enfuir droit devant moi.,Mwen selman fui.
"Puis, ils le jetèrent face contre terre dans un cachot de la république.","An menm, yo voye- l a ba a ba atè a."
Les mères qui dorlotent leurs enfants.,Moman ki chouké pwopwiyet yo.
Il redonna à l'île le nom que lui avaient donné les Arawaks : Haïti.,Li bay l'isl-la non Arawak-tala : Ayiti.
Je vois des cieux noyés d’eau.,Mwen wè anlo ka tonbé adan lanmè.
Comme ces gens sont indigestes...,Sé moun sa a ka fè mwen mal atè.
"Fais ta prière, le jour t’appartient.",Fè sa ki a fè avan jou fini.
La disette a commencé à les faire maigrir.,La grangou té ka koumansé fè yo chivé.
Elle a atteint l’âge de la vieillesse à l’hôpital psychiatrique de Colson.,"Tala i tounen vieyo, i té adan lopital kolòn."
Il faisait des dessins.,Té ké fè dlo.
Les ingénieurs agronomes que l’Etat avait envoyés.,Anjenyé agronom ki péyi té voyé- yo.
Il avait envoyé les gardes afin d’attraper les trois amis.,Anlo moun pa ka vinn renmen menm abitan an.
"Si tu veux alléger la voiture, demande à Robert de descendre.","Si ou vlé soulajé machin-la, mande a Robert pou l' desann."
Je connais presque tous les pays de l’archipel guadeloupéen.,Mwen konnen prèske tout péi-awoupéyen'an.
Sous le commandement du roi Lion…,Anba koumandwa lewa leon…
"Aux abords de la ville, dans ce petit bourg de marins-pêcheurs.","Adjilé, davwè adan lòtbò dlo, ant la vil la épi la mè."
Ces questions le tourmentaient sans répit.,Sa kéksions ki té ka tourmanté'y san répi.
Rigobert dont le visage dégoulinait de sang.,Rigobè asi figi a té ka pousé san.
"Quand la quatrième nuit arriva, Macaque, Tigre et Lapin se retrouvèrent devant une vieille Masure.","An lè i té ni la katryèm nui, Makak, tig an lapen té ka maché. Yo té vwè yon vyé kay."
Cette femme n’a pas un beau visage mais elle est baisable.,Ket nonm ka toujou remin machann.
Tu donneras au mulet des amarres sèches.,Ou kay ba bourik la sèl.
"Pour que tu parviennes à faire cela, il ne faut pas que tu aies du caca dans la tête.","Pou ou ka fè sa, pa ni zafè bouboun anlè tèt aw."
Leurs fusils pointés dans la colonne vertébrale des nègres-blancs à matraque blanche.,"Difé yo plézant, la bouboun for, an dot splifie."
Tu sais que je ne peux pas obtenir de mutation.,Ou sav ki mwen ka mandé adan.
La rumeur populaire affirme que c’est la mafia qui l’a tué.,Sé an ti bruit ki ka fèt ki di sé la mafi-a ki touy li.
C'était pareil que le défilé carnavalesque du mercredi des cendres.,Sé té menm bagay oben défilé kaynaval a té fet a mékrédi aswè a Karèm.
Caché sous les plis de chair de la peau.,Tibwen anba kwoke kò a.
Quelque chose a dû le dégoûter.,Yonn té ké fâché'y.
Il est passé dans tous les ministères pour demander de l’argent.,An ka pase asi tout minis pou mandé lajan.
Tout près des vagues se trouve une rivière qui pénètre dans l’embouchure avec des glouglous.,"Toutprèdévwag, anlo dlo ka koulé."
Va chercher un litre d’huile pour ta mère.,Alé chèché an lit d'ay pou sa moun-ja.
Tout leur plaisir consistait à inciter les gens qui n’avaient jamais tâté du jeu des dés à se lancer dans une partie de serbi.,"Tout' plaizi a yo té ka fè moun ki pa té janmen jwé dèyè wè oben dòmi doubout, pou yo vini jwé sibid."
Ceux qui se sont embarqués dans la banane après lui…,Sa ki t'ala toupatou banann' la...
"Car, tous les jours, pour que je n'aille pas marronner, on m'attache avec un petit cordon.","Pas jou, yo kaytjé mwen pou an pa fè fas."
Il s'était envoyé sept grogs.,Sépt grog té ka bwe'yé.
Je vous mets au défi de découvrir mes plumes ?,Mwen chalchwa'w adan' mwen' !
N’ouvre pas la bouche pour dire des paroles stupides.,Pa ouvè bouch aw pou di bétiz.
Il dormait chez sa grande-tante.,Sé laba i té ka dòmi.
Oseriez-vous vous moquer des ordres que j’ai donnés ?,Ozé-t-on riyé adan mésòd ki té ka fèt ?
Mano déclara cela d’une manière gauche.,Mano déklara sa adan an fason ki té konpliké.
Même si c’est la fonction essentielle.,Menmsi se fonksion prensipal la.
"Ce petit garçon ne mange pas, les vers lui piqueront la poitrine.",Ti gason sa ka manjé oben-ou ? Vièw ayo ké fè péché adan an bò ay.
N’êtes-vous donc pas sa mère ?,"Donc, an pa té ki sa moun ki té ka mandé mwen si an té sa manman'y ?"
Je passerai chez Eva prendre ta mallette.,Sa ké chèché-wiv chez Eva pou wéprann'ot' valiz.
Le cheval qui a la grosse crinière.,An ti chwal ki ni an gwo tèt.
"La forêt n’est pas souillée, c’est formidable.",La fowè fwansé pa ekzilé.
"C’est à ce moment-là qu’elle vit une fille si belle, si appréciable, qu’elle crut qu’il s’agissait de la Sainte Vierge.","Sé adan lè sa a li wè an fi si jòn, si bel, atè oben-twa li kwè sé té Mary."
Où vit ta belle-sœur à présent ?,Ki kote tibèlè ou abite kounye a ?
"Les garçons faisaient déjà l’école buissonnière, le ventre rempli de cannes à sucre",Les ti gason té ja kay manjé grenn canne.
L’un d’eux avait pondu des oeufs de lézard.,Yonn te fè zéfiyen.
"Les grandes personnes qui ont réussi, grâce à l’argent, à gagner quelques miettes d’instruction.","Gran moun ki réisi, gras a lajan, fè on ti bout kò, ki pezé."
"A la manière d'agir de cet homme, il vous montre au contraire qu'il est intelligent.","An mannyè yo fèt'yé, i sé dwèt kon i ni dimoun'."
"C’est un remède composé d’huile de ricin, de miel et d’orange sucrée.","Sa sé on rémidi koté-toufé-a, dè l'ay dwa-chin, mèl épi zoranjadous."
Mais il avait pris une conduite.,Men lavié-a té ka kouté'y.
A côté d’un gros nid de fourmi.,Ajè dlo anty.
"Toute son arrogance s'était envolée, ce n'était plus la même femme.","Tout so vanité té ja pati, ce n'était pli menm fanm-la."
"Un jour qu’il était saoul, écoutez ce qu’il a déclaré à sa concubine.","Yonn jou lè l té bwè anpil, tann sa li di kon sa fanm li."
Il adorait toutes les femmes.,Tout fanm té ka fè'y konnetizé.
Il a perdu toutes ses épargnes quand sa maison a brûlé.,Sété kon toutjan ekarga'y ki té viré achté an kay apré-li brilé.
"Mais c’est toi qui leur a appris à quelle lune planter, à quelle lune fouiller.",Mé sé ou ki té ka fè sa ba yo.
Les béliers ont écrasé le coq.,Mouton ka fouté chouval.
"Il a infligé une cinglante défaite aux soldats de Bonaparte, puis les a jetés à la mer.","Ni ba solda Bonapart an on gran kout fessé, ni mennen yo jété an lamer."
Et il entra dans la maison à la recherche d’un couteau.,"I té ka maché monté adan kay la, asi pwen an kévwa youn kouto."
Macaque en vint à gagner toute la somme d’argent.,Singe fini touche chouval.
Il se moquait de l’autre.,An ti toubè é ki'yé.
Laisse le directeur déduire ce qu’il veut !,Lajé direktè ka dédidé sa i pé !
"Porte-moi, berce-moi, caresse-moi !","Pòté mwen, bèso mwen, kâwèsé mwen !"
Un gentleman comme lui aurait fait quelque chose d’aussi malhonnête ?,Yonn nonm kon sa ta fè on bagay konsa ?
C’était le dernier rejeton de la lignée d’Eudipe.,Sé té niyèm é dényé déstantsilè d'Eudipe.
Mais nous reprendrons cette conversation un autre jour.,Men nou ka rekoumansé konvèsasyon-an anlo.
Sur une île appellée Madinina,"Sous an tibwen soleil plasé asi an péyi konpwatibi- a, asi an péyi nou ka rivé dousman, an péyi ki ni non an Madinina."
"Au milieu de tous ces défoulements, Vaval appelait au secours car il était tout seul.","An mitan tout biten sa yo, Vaval té ka mandé sekou pas i té tout seul."
"Enfin, toute une litanie éclata.","Anfen, an chire konsonmen eklate."
"Ici, il y avait des hectares et des hectares de terres où il pouvait gambader.","Isi, té ni dé-ka-dé karé-tè ki té ka pèmèt-li gadé bo kè."
Accoucher quelqu'un leur permettait de mener une existence pleine d'harmonie.,Akouché yon moun te pèmèt yo mennen yon lavi plen a wiskòd.
Ils peuvent t’avaler d’un seul coup sans que tu aies le temps de ciller.,Yo ka avalé'w an selkoup san'w pa ni tan pou'w fèmen'y.
"Cheval, mon cher, tu iras chercher Colibri.","Chwal, kon sa ou ka wè, ou ké alé chèché Kolibri."
Elle était extrêmement laide.,Sé té anlè adan'y.
"Il avance porté, par la cadence.","An avanse asi, adan rytm."
On aurait dit que j’ai vu deux coqs d’Inde dans la basse-cour.,Sa té kon an kay on ti bann dindon.
Tu n’étais pas obligé de venir cravaté à ce baptême.,O pa té ni pies pou vini adan batisman an kay-tan.
Un héros est venu nous délivrer !,Yonn an'nou vini sové'y.
Il n'avait plus la force pour engueuler les nègres qu'il surprenait à fainéanter.,I té ké fè plis lajan pou bay koutjolies ba nèg ki té ka fè lenj.
Il avait tout l’air d’un campagnard.,An chabenèt i té ka fèmen.
Il y en a d'autres qui crient : à bas ceci ! à bas cela !,Ni dot ki ka cwié : a ba sa ! a ba sa !
Où ton oncle a-t-il perdu son chéquier ?,Ki koté ton nonkl-tala pèdi chèk-li ?
Et il envoya ses gardes chauffer une barre de fer afin de brûler Lapin.,I té ka gadé on bwa pou lapé bara lapen.
Il a jeté brusquement son sac par terre.,"I té ka maché vit, dépi i trapé zot asi paille a tabak."
La jalousie fait divaguer les gens.,Jalousi ka fè moun vwayajé.
Rosalien le lui prêtait facilement.,Rozalyn té ka prété'y san souci.
"Mais son frère Polinis, qui était banni…","Men frè'y Polinis, ki té an bann..."
Regarde bien s’il n’y aurait pas quelque gangrène.,Fòk ou gade adan si pa ni pasyon.
Monsieur Gaston leur avait donné à chacun un coup de barre derrière la tête.,Misié Gaston té ka ba yo chakenn an kout pyé bwa adan tèt.
"Monsieur Despointes, j'astique un peu votre carrosserie.","Monsyè Despoint, ja froté vwèman vwèman vwèman la ka-w."
Et une odeur de soufre en émanait.,Y té ka fété an lè asi adan'y.
Tu es un petit peu fétichiste.,Tala ni yon ti bout fétichis.
"A sa place, j’aurais été jaloux aussi, tu sais.",An mwen té ké jalou asi.
Bon. Mais c’est déjà l’heure de la pause.,Bon. Men sé obenlanjé adan.
Les maîtres d’école lapident les enfants dissipés.,Mèt lekòl ka lapidé timoun ki ka fè tro bad.
La Diablesse s’en alla dormir dans sa maison située sur l’emplacement de l’actuelle montagne Pelée.,La Djab sòti alé domi kay li ki té sitiyé atè Pelé.
"Monette, grande bringue qui marchait comme une bourrique...","Mònèt, gran fouaf ki té ka maché kon an bourik..."
C'est une manière de toujours alimenter le lien de rattachement .,Sé on fason toujou ranfòse lalwaaj.
Elle est longue donc ta vie sera longue.,An lontan ki ka vini longsé.
Il n’y a pas plus bête que Maurice.,Pa ni pi bet pase Moris.
"Mais la demoiselle était une sacrée vicieuse, d’ailleurs à bien des égards….","Men madanmwan té on vrè ti machann, an pé dir asi plizyè wot."
Cette femme a une démarche sensuelle.,Fout sa yo ka fèt adan'y!
Le sang meurt et puis la personne tombe gravement malade et meurt.,"Sang-la mouri, moun-la tonbé an sentilèz ek pimann-li mouri."
Une mère n’oubliera jamais son dernier enfant.,"Yonn ki ka ouvliéy, sé zotè-ou i ka plézanté."
Comme un tas de crabes attachés à une ficelle.,Sa fè kon yonn pakèt krab ki loté adiré'y.
La mort attendait dans son carénage.,La mòt té ka atann adan'y adan'y karénaj.
Ils avaient l'air d'être des mulets bien dressés.,Yo té ka fèyans kon moun ki ka kwè yo plis pase tou.
Avant que Chirac n’aborde la porte de la mairie.,Avan chirac pa vini mèd davniè.
Combien de stagiaires avons-nous pris l’an passé ?,Konbyen estachè nou té pran lanné pasé ?
"Aujourd’hui, il n’y a pas beaucoup de gens qui attrapent la tuberculose en Martinique.","Jòdi-ou, pa ni anpil moun ki chape latibekiloz an Matinik."
Ce n’est pas parce que Gisèle a deux enfants de deux pères différents qu’elle est une prostituée.,Sé pa paske Gisèle ni dé timoun ki ni dé papa ki fè'y sé on ti fi.
Ils marchent même accroupis.,Sé menmsi yo ka maché kon an krapo.
Parce qu’ils savent au fond de leur cœur que cela les soulagera.,Pas paske yo konnen o fon kè yo sa ké fè yo rété péritjé.
Qui nous servait de cuisine.,Ki té sèvi nou pou fè manj.
"Lorsque le bébé va à la selle, il a les excréments en forme de petits grains.","Lè bébé ka fè sòti'y, kèk fwa sòti'y ka ni fòm piti grenn."
J'étais tellement niaise que j'ai mal ramené le cerf-volant au sol.,"Mwen té si bèt, sé pou sa mwen té ka jété fòt."
Bien qu’il ne fût pas amateur de combats de coqs.,Si an pa ka alé adan bagay konsa-ou menm.
Je ne le repoussais pas d’une façon trop rustre.,Mwen pa té ka fè'y trap brus.
La respiration de tes veines s’affole comme une nuée de bestioles.,"Toutafwa, zot tan ka respire adan lè zot fèl kon si on chabwen ti moun an lè."
Il y en avait même un qui lui donnait à boire un philtre d’amour.,"Ni té ni an moun té ka ba'y an fil', oben adan an boudèy, oben an wouvzèl."
Il compte davantage sur sa force physique que sur son mental.,An ka konplé adan'y adan'y fòs'y-ka plis adan'y intèlijans'y.
"Célestin, tu sais que Stanilas abat une bête aujourd’hui ?","Sélestenn, sav ou si Stanylès touyen an bèt jòdi a ?"
J’étais obligé de supporter ce vacarme jusqu’à ce que la faim l’assaille.,Fok mwen té ka sipòté bara a jiskaske'y vini afaim.
"Après s’être libérés, ils ont continué à se battre au combat de damier.",Anlè yo te ka kwè yo ta pé fè sa?
"Presque dépourvue de cheveux, elle arrive à faire des nattes","Pwèske chivé, i ka fè twen."
Adelise ôta ses sandales et avança dans la boue.,Adeliz ota sav sannal épi avansé adan la gadou.
Certaines petites filles lui disaient hello.,Kon plizyè ti fi té ka di'y adyé.
Son métier était cordonnier.,Sé cordonnyé té kay ki mété'y.
Des nuages très isolés qui ressemblent à du coton ou à des cheveux fins et longs.,An chouval.
"Cet homme se prend pour quelqu’un d’instruit, mais il ne sait que réciter par cœur !","Sé on ti mèksan ki ka fè kon si'y savan, mé i pé ké sa ki ni dan'y ba'y !"
"Lorsque vous êtes perdu comme un marin sur la mer, en plein jour.","Lè'w pedan kon yon marin nan lari-a, nan mitan jou-a."
"Tu aurais cru qu’en te voyant faire une erreur, ils te remettraient l’argent ?",Ou té ké sipozé ki an wè zot fè an fok ?
Vous craignez que le froid vous dévore les os sous la terre de France ?,Ou pé ké ni anlo frè-aw si'w té ka viv an péyi a Glis la.
Saint-Elie avait demandé à sa secrétaire de faire une demande avec devis joint.,Sa te mandé sekretè- li fè yon demann avèk yon bidjè.
Ils attachent leurs chevaux afin de casser la croûte.,Yo ataché chwal yo pou yo manjé.
Il renverse la tête en arrière sur le dossier de son fauteuil.,I ka vèsé tèt-li an dèyè oben siyaj-li.
Les gens étaient très excités à l’apparition du chanteur.,Moun té ka ekzité a koté chante a.
Le grand Diable s’assit dans un grand et beau fauteuil.,Gwo Djab-la chita an yon bèl gwo fotèy.
"Je sais très bien que notre peuple est fichu, même si nous obtenons notre indépendance.","Mwen sav an bon kon sa péyi an nou ka alé adéyè, menm si nou jwenn endépandans."
"Depuis que Georges sait ce qui s'est passé, il ne veut pas en démordre.","Depi Jòj sav sa ki té pasé, i ka wè'y kon sa."
"C’est un endroit où gamin, j’allais cueillir mes icaques.",Sé onlò ki té ka pousé adan jaden-an.
Tout cela le préoccupait beaucoup,Tout sa té ka chagrin'y anlo.
"Si jamais j'achetais un beau kilo de poissons à mon beau-père, cela lui ferait plaisir.","Si janmen mwen té ké koté yonn bèl kilo pwason ba bèl papa mwen, sa té ké fè'y anvi."
Quand il vous avait becqueté à la tête.,Lè i té ka ouvè adan'w.
Notre homme se mit à descendre sur la terre.,Nonm-an nou okipe-la koumansé maché atè-a.
Le désespoir vous étouffe comme une hostie rassis.,La lespwa touye'w kon an vyann-egliz.
Comme les conteurs qui n'accordent pas plus de considération à la parole que ce,Sa adan lanmè ki pa pwan anpil lapalòl.
"A la différence de Georges, ton cousin n’est pas menteur.","An konparé a Jòj, pa menm janmanch ou menm pa niouèl lajounen, anlo ki pez-la."
"Ils disent que l'eau, surtout celle qui tombe du ciel, ne doit pas appartenir à untel ou untel.","Yo ka di ke dlo, oben pi red, ki ka tonbe oben ciel-la, pa ni pou ni la."
Un petit mot a pénétré dans un glissement à l’oreille de notre petite chérie.,Yonn ti mo ka pénétré adan on bel kout zié a tjenbé an nou zot.
C’est davantage la peine qui lui a enveloppé le cœur qu’une blessure.,Se té plis adan lapenn ki té ka fè'y soufè ke menm on fwi.
"A l’époque où le volcan n’avait pas encore détruit Saint-Pierre, il y avait un grossiste qui y vendait de la morue séchée.","An tan lontan, lè volkan pa té fin kraze ba la vi, té ni an grenndémi ki té ka vann mori disik la."
Quand quelqu’un a de graves ennuis il ne faut pas le noyer dans un verre.,"An moun ka fè anpil badibwès, fok pa enfimnen'y pli asou."
Il est le seul à savoir accorder les pianos.,An sel li ki sav kon sa koule a.
Le fleuriste qui était installé dans ma rue a fermé.,Floris-la ki té ka fè sa latet mwen-ouvè a fèmen.
Nous sommes en train de chercher quelqu’un qui nous entraînera.,Nou ka chèché yonn moun pou-ki ni-antréné nou.
"Ces jours-ci, l’économie du pays bat de l’aile","An tan-tala, ekonomi péyi a ka pété on zèl."
L’auvent grince doucement.,Solèy la ka koumansé fè adyé.
Il dit que ce sont les Français qui prennent les arrêtés dans ce pays,Sé Françé i ka pran dé-kré adan péyi-a.
Cet élève est un peu trop irrespectueux à mon gré.,Sé an ti chouval ki ja savann-ou.
Mon fils va chercher une calebasse d’eau pour ta mère.,Mwen menm jan avè mwen.
Mais comme Rosalien est quelqu’un qui s’y connaît en matière de sentiments….,"Mé adan lanmou, yo ka di li Marys kayilos."
Seuls les fourches bourdonnent au-dessus de nos têtes.,Sèlman fouch ka branzé o-ouvè tet-a-tet.
Le prête ne sait pas qui a engrossé la fille de madame Bernard,An savè pa ki fè madanm Bernard fi ansent.
Elle félicite les élèves qui se trouvent au premier rang.,Sé élév ki asiré an fwans oben an mathématik.
Seuls les gamins jouent avec ce qu'ils ont dans leur assiette.,Sé selman ti moun ki ka jwé avèk sa yo ni nan asyèt yo.
"Elle se souvenait de la façon avec laquelle sa tante, Philomène, détestait l’entendre.","Yo té ka rété adan la kay la, lè an ni tan pezé anlè sa."
Le vent du nord les entraîne vers le bas.,Nòd fèy a koule yo anba.
"Cette affaire de diarrhée, de coqueluche et de rougeôle qui se répandait sans que nous ayions le moindre remède pour les soigner.","Fèv-la, anlo bitasyon ni'y. Tout moun la éséyé rété oben yév out moun kon ki'y ka, mé ké fò yo ka'y ki moun ki yo ké yo ké yonn monté'y jòdi yo dèp'wé'y  épi atann'y ekon on vini'y."
Je donnerais un grand festin pour tous mes camarades.,Mwen p'ap bay yonn gwo fèt pou tout zanmi mwen.
Les gens du bourg ne payaient plus le charbon.,Moun lavil la pa t' vle redié bwa a plis.
Un énorme 4/4 roule tranquillement sur le trottoir.,Yon gwo kabwit ka roulé douvan lavil.
Tu n’as pas encore nettoyé l’avant de la voiture.,Ou pa ja netwayé dant an.
J’ai couru jusqu’à rendre l’âme.,Mwen té kouwi kon makak.
Quand aigle eut fait quelques kilomètres il s’écria « Maître ! J’ai faim ! ».,"Lè aigle té kay fè kèk kilomèt, i di: ""Mèt, mwen anvi manjé."""
Toutes ces paroles d’amour affadissent la chanson.,Tout pawòl lanmou sa yo ka fè chante lajanm.
Avec une lavandière de la plantation Destourneaux appelée Noémise.,An menm yon lavandriyè nan plantasyon Desfouno yo ki rele Noémise.
"Monsieur Dufour, rendu maussade par la présence et l’amabilité des étrangers.","Misié Dufour, faché kon sa pas an péi étranjé oben bienveni an nou."
Avec tout l’argent que j’ai mis à la quête,Toutjan mwen bay latè.
La température monte à 100 degrés C pendant le jour.,La létché ka monté a 100 démenchirè Celsis adan jou.
Toutes les plantes qu'elles toucheront porteront en abondance.,Tout biten yo ka froté a ké yo fè pli biten.
"Le cadavre au milieu de la fête qui court, saute au son de la voix et au rythme de la cadence.","An cadav an mitan a lafet ki kou, li danse oswa i dansé san oken propozisyon oben yonn respè."
Elle m’a emballé le morceau de viande tellement elle a vu que j’étais furieux.,"Sé kon sa li wè mwen té faché, ladjé mwen oben ti manmay lajoliv oben koté kòde."
"Vous n’avez été flétri par aucune maladie, ni frappé par aucune épée dans aucun grand combat.","Aou pa ni tanperati, ni koupié, ni menm pe-ni an batay."
Ils sont obligés de déguerpir de toutes leurs colonies.,I fo yo kite tout koloni yo.
Une petite cassette remplie de pièces d'or qu'Emile avait tenue cachée.,Yonn ti kasèt plen a fwa ki té ni zò dòt ki Emil té ka kaché.
Ils étaient fâchés contre le Père Noël et la Mère Noël.,Yo té fachés oben pè-Nonm Noèl oben manman Nwèl.
C'est comme le bedeau qui a l'église met un étouffoir sur la bougie afin de l'éteindre.,"Ni menm lè sa, la kou mé lè an mès ki ni nan an tikayé mété an kondo adan bouch oben dlo kay fouyé pou ki bri ka ni oben pou étiend."
On prétend même qu’il fait le souteneur à Paris.,Mé yo ka di tou sa pou di ki menm li ka fè makakéri a Pari.
Vous faîtes une espèce de petite chapelle.,Ou ka fè an kradchapèl.
Un sauvage qui brandissait un couteau d’abattoir.,"Yonn ka sòti an bwa, paret'yé an gwo machandizi."
Nous ne pouvons pas encore analyser la situation.,"Anlo, pa ni mannye asi lari a."
"Ne te mêle pas à mes affaires, s’il te plaît.","Pa mêle adan sa pa zot, joukou si zot plé."
Ce n’est pas moi qui vous raconterai à nouveau des contes.,Sé pa mwen ké rakonté'w zafer kont adan.
La liberté est un combat que l’on mène au jour le jour !,La libèté sé on kombat ki fok mennen chak jou !
Vêtu d'un short kaki ample et chiffonné.,Vètir d'un short kaki larj é fripé.
Il s’assurait que le pont était costaud.,An ka asiré adan'yé paw la té solid.
La hauteur et la longueur des vagues s’agrandissent à mesure que le vent devient fort.,Lòkti-ou byen longè flik dlo-a ogmante kon anbòkaj vansan.
On tue même les cochons de manière industrielle.,An ka touyé mèm cochon an fason endistri-ay.
"Te voilà enfin, beau regard pour une journée dorée.",Ou vlé joué adan lanmou.
"Petit à petit, la tristesse s’empara du coeur de Matéo.","Dousman, latwistès vini nan ke Matjé."
Sa queue était terrible et finissait par une griffe à chacune de ses extrémités.,Sò'y té ka mové a tel pwen ki chak bout'yé té ni on grif.
Rosalien devait en être à son douzième punch ce jour-là.,Rozelyen té ké ja an senti-awotchèk jou-tala.
"J’aimerais bien te demander qui a fait ces arbres, ces terrains rocheux, ce ciel sur nos têtes.","Mwen ta renmen mandew ki moun ki fè sa yo, ki moun ki fè solèy la, ki moun ki fè syèl la."
Ton cœur s’enflamme à cause d’une peur qui tétanise celui d’autrui.,Kè'w ka boule pas'ke'w ka pè.
Je n'aime pas les gens qui font des bêtises.,Mwen pa ka atjwè moun ki fè bétiz.
Je n'étais jamais retourné au Gros-Morne depuis neuf ans que je vis à Fort-de- France.,Mwen té ké fè lontan mwen té pé pa vini didan Gwo-Mònn. Sa fet an ba la vi-a-tan an.
Je buvais son beau français parlé avec l’accent parisien.,"Mwen té ka bwè adan'y bel franse li a, avèk aksan pari."
"A ce moment la, il sortait furieux et jetait une flopée d’injures.","An lè sa a, li té ka sòti anniévé épi i té ka ladjé an paké mojen."
"C’était quelque chose de trop réel, qui avait un côté définitif.","Sé té on bagay-tala vréman, i té ni on koté final."
Il y aura profusion de poissons-volant et de daurades.,Ka ni anlo twafis ek zotpié.
Janvier a trompé décembre.,Janvye t'adribin desanm.
"Grandes fumées, grand feu, grand cratère.","Anlo ki fimen, anlo difé, anlo kroutè."
"Tout en haut du morne, là où il y a énormément de bois.","Anwo adan mòn la, adan on bel bwa."
L'eau des robinets coulant goutte à goutte dans l'arrière-cour des cases.,Dlo a ka tonbé didan kay la.
Et de m’envoyer à côté du chauffeur.,Épi gadé ki bò kò'yé mwen.
Ouah! Quelle jolie maison !,Wouaw ! Sa bel kay !
Toutes choses se rejoignent et s’échangent.,Tout bagay ka vini ansanm épi yo ka chanjé.
Un seul employé pour servir tant de gens.,Yonn sèl moun ka travay adan restoran-an.
Il connaît beaucoup de secrets.,I ka konnèt anlo kachoti.
"Il nous faut l'accepter, il sait ce qu'il fait.","Fòk nou aksèpte sa, li konnen sa li ka fè."
"Eh bien, moi, il est à mon goût.","Eh bin, mwen menm, sé i ja ka fè mwen on tibel."
Ce soda contient trop de produits chimiques.,Sa a tchimbé beaucoup chimik.
J’ai peur que nous ayons emprunté une voie assimilatrice.,Sé jou a ou ké alé lavil.
Senga court derrière lui afin de le frapper à coup de bec.,Senga kouri pou vini bat tanbo a-ou.
Il y a ceux qui donnent des ordres.,Ni moun ki bay lòd.
Des gens désherbaient.,Moun té ka désherbé.
"Se brosser, se baigner le matin, toutes sortes de choses.","Foutéy bwa, fè bain lè maten-tala, tout sa ki ni pou fè."
Un camion de boissons gazeuses déchargeait quelques caisses près de l’épicerie de madame Sina dans un vacarme.,Yonn kamion bwasons gazeuses té ka vidé déké caiss bo koté tikay la manmad Sina lè an ti bagay la ja pedi silans li.
"Aujourd’hui, les jeunes préfèrent le hamburger au pain beurré.","Jòdi, jenn moun yo pito manjè sandwich salè piti biskwit."
Et il s’est fait prendre comme un gamin qui a fait beaucoup de vacarme.,Epi yo pran'y kon z'enf ki fè anpil chire.
Je l’ai vu tellement appétissant que je l’ai suivi jusqu’ici.,"Mwen wè'y té ka fè mwen on tèl bouch, mwen té ké sòtié'y oben mwen menm."
"Les femmes caressantes, les femmes douces, ne sont pas abandonnées par leur mari.","Sa ki ka renmen fè kâlins, sa ki dous, pa té ké lage yo."
Adelise aperçut Homère dans le groupe des grévistes.,Adeliz wè Omè nan mitan pakèt moun ki té ka fè grèv.
Ils furent accueillis comme des libérateurs.,Yo té ka fè yo konpwann yo té vinn pou sovgadé.
Ici il n’y a que des saoulards.,An ka di sa ki ka fèt adan.
Il s'agit d'un démantibulement sans pitié !,Sa sé on vre démantibulasion !
Comme une lame de rasoir sur le visage d’un homme.,Kon an lespé asi figi a on nonm.
La foi fait disparaître la misère.,La fwans ka fè disparèt' la mizè.
Kon jenn timoun dan lariviè ki ka kaskadé dépi mòn.,Se de ti moun ki ka kaskadé adan lariviè.
"Mais est-ce que les fantômes, les vampires existent vraiment ?","Men si lespri, vampi rélè !"
Il y a beaucoup d’apiculteurs dans cette commune.,I ni plizyè apikiltè adan koté a.
"De l’eau sucrée, de l’eau à base de farine d’arrow-root, de l’eau de coco glacée.","Dlo douce, dlo a farine arrow-root, dlo noix coco glace."
Ma parole répandue s’est roulée dans l’eau comme attirée par un aimant.,Parol mwen ki te fèt pou aprann toupatou.
Tous les autres l’encensent.,Tout moun ka fè'y konpliman.
Il existe toutes sortes de mères mais il n’y en a pas d’inutiles.,"Ni adan lanmè, ni adan syèl la."
Son arrêt se trouve au Bord de Mer.,Biten'y ka fèt an Bord Mé-a.
"Il en avait trop fait : trop d'histoires, trop de fêtes, trop de bêtises.","Tou sa yo té ka fè an pa-toufé : twò dakò, twò biten pou di, twò biten lajwannari."
"A l’époque du communisme, l’Amérique n’agissait pas à sa guise.","Anlè tan lalin, Amerik pa té ka fè sa i té vlé."
Mais il avait tellement de vitesse que c’est lui qui a commencé à crier.,Men adan chalè. Li ki kouman rél la.
Il s’appelle Casimir.,Ni an ki di Casimir.
L’ambassadeur russe a refusé de serrer la main de l’ambassadeur américain.,Anbasadè Ris la refize bay men anbasadè Meriken an.
Ferdinand bouscula l'impudente et lui flanqua un coup de poing.,"Ferdinand pouse-quete lèz-otan, i bay'y on ponch an plen fig."
"Et avec cela, il fit même la terre écouter la mer battre ses vagues","Epi asi sa, i fè latè menm tann lanm a frape rivaj li."
"Il m’a offert des millions pour que je lui en fournisse un mais comme je connais l’importance de ce que quelqu’un peu faire avec une tête de mort, je ne le lui ai pas donné.","I té ba mwen an pil lajan pou mwen enmen'y oben jòd-la men, kon sa ki ka fèt avèk on tèt-an-mò, mwen pa té ka ba'y sa."
Bout de terre dont on n’a cessé de faire l’inventaire.,"Mòso tè a, pa janmen fini fè kont dessen'y."
Nous sommes allés voir de la misère en France.,An nou alé wè konbyen mizè ni an Frans.
"Ce n’est pas aujourd’hui que je baisserai les bras, ma chère.",An jou pa ni démen.
Cet homme était devenu un scélérat parce qu'un nègre avait baisé sa femme.,"Sé moun-asa i té ka fè tout kò a'y pou laché, pas i té ni an nèg ki té ja baizé sòt fi'y."
Un homme doit pouvoir contrôler ses pas.,"Yonn tchimbé raid, moun ka wè'y."
Il aurait fallu qu’elle se marie à un musicien.,Fodré ké té ni pou i té mawié-aw an nonmizik.
Jeannette n’a pas fait sa mise en plis pour aller danser chez Georges.,Janèt pa té fè chiv-ouvè pou laléizé bòjou Gidzyò.
Il peut faire aussi bien le mal que le bien ?,An nou chita adan lekzil adan le konkou.
"Depuis un certain temps, le médecin l’avait averti qu’il fallait qu’elle se fasse enlevé un fibrome.","Depuis on bout, doktè di-w la fòs: ni an boug ki ni pou-té tou-tan an ti-mobann asi respire-y, asi chenn-lanmè."
La Martinique était sous le joug de l'Angleterre.,La Matinik té anba menm anglè-a.
Mais c’est toi seul qui peut étancher ma soif.,Men sèl ou ka fè mwen kon sa.
Les autres nouvelles ne l’intéressait guère.,"Non, sa pa lòt nouvel ki t'ap fè mwen-ouvè."
Des poubelles qui ne sont jamais fermées.,An ti chien-chien ka fimen.
"Lutter en faveur du bel-air, c’est lutter contre l’assimilation.","Lité pou belè, sé lité kont asimilasion."
La mangrove est une bonne maternité pour tous les poissons du Bon Dieu.,La mangrove sé on bel maternité pou toutpawòl BonDiyé.
Puis travailler comme un beau diable pour moins que deux francs.,Paka travay asi nonm lan pou yon sèl kòb.
Qui remplit chaque heure d'une détresse insouciante.,Ki biten ki ka fè mizè asi mizè adan katjilé a tout moman.
Elle prit la mouvette et remua les piments.,Tala ki pran pijé-a ek ichwé piman.
Après avoir reçu une bonne raclée sur le dos.,Tala ki fin batjé adan lanmen zot.
Château-Paille est une espèce de mangrove qui se trouve à l’orée de la mer.,Chato Pay est an espès ki fèt andidan mangwov didan an bò larivyè.
Votre maire a toujours mené une politique clientéliste.,Mè-a-w-la toujou mennen yon politik kliyanèl.
"Il avait de la chance d'avoir rencontré, à son âge, une chair aussi fraîche et pleine de vivacité.","Niil té kayilos dè fèls i ja, anlo tan ki niyajé, an ba an fanm-tala."
Il les tuait aussi avec ses frondes.,Sa té adan lan ki ka touyé moun.
Pluie-énigme très sûrement étouffée dans le bel allant des fougères.,La pli a-été ké ba'y difé adan bèl féray yo.
La maison du docteur se trouve après le deux dos d’ânes.,Kay doktè a chita oben déryé dé bòs an lòt dòt.
Dans une belle robe qui n’était pas défraîchie.,An bel wob ki pa té adéfrañ.
L’année du ratiboisage survint avec tout son attirail.,Lané di koutmen ni zotan-izotil.
"Et tout cela, c’était pour exciter l’appétit de ces messieurs importants.","An tou sa, sé té oben-ouvanman pou fè maché manman'y."
Vous avez un derrière proéminent.,Ou ni an gwo kouyon.
La musique n’était pas excellente parce que les amplificateurs avaient un problème.,Sé pa ekzelen ki té ni adan latiléri-a pas sé kèk bagay ki pa té mòdilé.
Na ! C’est moi qui ai fabriqué la femme en sucre.,Wa ! Se mwen menm ki fè fanm-akach.
L’indien lui avait enseigné beaucoup de ses secrets.,"Tala ki té ka koumansé trapé zot, poutji i plié zot?"
Cela fait partie de mes devoirs comme la communion de Pâques pour les catholiques.,Sa fè pati dé travay mwen kon sa fè pati kominyon Pas pou katolik.
Il fait de façon à ce que les choses finissent mal.,An ka fè'y konnet'y ké sa fini an mové fason.
A moins d’un petit répit entre deux tâches.,An ba men ki ka bat dèyè lanmori.
Voici que le fouet ne parvient pas à arracher les racines de la liberté.,Isi ki koupve-ou pa ka deracine libèté-a.
Je désirerais posséder un bateau qui avance à la fois sur la mer et sur la terre.,Mwen ké on bato ki ka maché atè épi anlè lanmè.
Mais déjà un formidable bavard.,Men an bav&#232; koutan.
Ce type a un style collet-monté.,Sa fason kitajé a ka fè'y vini kon zotjé.
Saint-Elie louait simplement Pinlin aux gens..,Sent-Eli té ka bay moun yo lè oubyen.
Quel que soit son poids.,Ni an rajézon ki chou ki ki pwa'y ka ni.
"Dans les hauteurs du petit pays de Martinique, les marronneurs allumaient des feux de liberté.","Anwo adan péyi an péyi Matinik, esklav koupé té ké fann an lavié ba yo."
La vie est une mère qui sait quel poids ses enfants peuvent porter.,La vi sé on manman ki sav ki poid sos ki'w ka pòté.
"Tu prendras de la menthe, du gros-thym.","Ou kay pran dajilè, ekpiwaz."
Les grévistes avaient attaché un bandeau rouge autour de leur tête.,"An ba lapawòl, grévist yo té ka fè yonn kaskèt wouj anba wòzézon."
"Monte, monte encore.","Monte, monte ankò."
Ta mère a mis trop de vêtements sales dans le baquet.,"Toutouni adan bokit-la, manni!"
"Non ! intervint Lorette. Monsieur Rosalien, ce n’est pas chez moi que vous vous disputerez avec qui que ce soit.","Non ! , s'écria Lorette. Monsieur Rosalien, cé pa chè mwen sa'w ké ka fè bagay kon sa."
"A Trinité, il passait pour un fieffé coureur de jupons.","An lari a Latinité, té ka fè'y pasé pou an andidan konmèt jipon."
Je vais continuer à manœuvrer au milieu de la rue.,Mwen p'apé ké vinié pli bon-ke sa.
Elles perdaient le don.,Yo té pèdi chimen kò'y.
Mais en quel autre lieu parviendrons-nous…,Men an ki lòt kote nou ka rive...
"Tant et tellement de promesses et un jour, dans le décours...","Toutotan adan lanmès, onlo a promès ek onjou, adan mitan..."
Depuis l’époque où les nègres ont quitté l’Afrique.,Dèpi lè neg ​​sòti nan péyi Afrik.
Sentant bon comme une fleur au jardin.,San bon kon yon flè an jaden.
Et il rêvait que le cimetière était une sorte de grande ville.,E li té ka révé séké lansanmi té an koté adan an bel vil.
Il n'y avait pas de bananes comme à présent.,Pa té ni an lòté ba nou :(an lòté- a lot)
"Cavaliers, levez-vous pour que nous puissions danser.","Cavalryé, ka lèvé pou an nou ka dansé."
"Quand vous arriverez de l’autre côté, à la Dominique, pays où l’on parle anglais, vous verrez deux belles filles approcher.","Lè'w'ap rive lot bò Lariviè-a, adan Dominik la, y'ap vini wè yonn respire angletè."
Et l'on fit appeler l'abbé Chrysostome pour qu'il lui apporte un dernier baume.,Epi yo fè on chèchilosyon ba lapè Chrysostòm pou li pote'y yon dènye koutmenaj.
Le petit jeune homme du bourg qui meublait depuis un moment tous ses rêves de jeune fille.,Ti nonm bèlajilè-a ki t'ala bouswèlizé kon pezonn-tala.
Parce qu'elle marchait d'une façon boiteuse.,Pas'ki té ka moun' ados.
Ecrasant une moitié de fruit à pain dans son assiette.,Pilé an mité bannann'fle a an sòs.
Voici que maintenant ces petites espiègles ont décidé de s'emparer de ma canne !,"Atjelman, sèk katilinn sa yo vle pran bwa mwen !"
Il a fait beaucoup de démarches mais aucune n’a abouti.,"Anlo moun ka voyé'y konkou pasionni, mé pa on sel pati pa té pé péyé'y anlo."
"Dans chaque pré, on trouve un taureau dominant qui impose sa loi.","An chak prè, ni on bèt' ki ka kwèy."
Pourtant elles n'étaient ni illettrées ni idiotes.,Pou ta ka di adan' sa yo pa té ni lèt asi pa ni sòt.
Edouard ne t'as pas battu ?,Edoua pa bat w' ?
"Un enfant voleur, tricheur, menteur, et mystificateur.",Yonn ti malfini ki ka fè kwè li ni dwa.
"Le médecin lui a dit qu'il boit trop, c'est pourquoi il a une grosse inflammation.","Doktè a di'ymanmanli'y kay bwè twò, sé pou sa'wè'y ni on boug enfleksion."
Alors Surélise posa ses mains sur ses hanches.,Donk Sirliz poza men'y anlè si li.
Ils passent un pacte avec le diable afin d’avoir un grand nombre de camions.,Yo fè yon pòch ak djab la pou yo jwenn anpil kamyon.
Lucie est une petite fille maigrichonne.,Lisi sé on ti fi kafléchè.
La gentillesse des hommes.,La jantilesse oben mennen'w.
Toi qui recherches de bonnes informations.,Tou ki chèch bon enfòmasyon.
Nous possédons chacun une séparation.,Nou chak ni an séparasion.
Quand il vit qu’ils s’en allaient…,An lésé yo ka maché.
Les maisons sont inondées.,Les kay yo inondé.
"Rappelle-toi de Sonson, le vaillant manieur de fourche, le vaillant manieur de coutelas.","Raprèl' Sonson, an bèl forjè, an bèl coupe."
Ils masquaient le soleil.,Sézon touloulou ki ka vini.
Il me faudra louvoyer dans l’école de de ma vie.,Mwen ké ni pou mwen vwalé adan lekòl lavi a.
Quel était le nom de ce type ?,Ki té ni manniè sa ki té ka kriyé'y ?
Vous m’avez inscrit sur votre carnet.,Ou ja matjé mwen adan adyòl-la.
J’ai plongé dans la mer et y suis resté.,Mwen plonje adan lamer ek mwen ka fè'y dab.
Sans que le moindre regret ne me frappe l'esprit.,San ki anlo penndouvan pa ka fè mwen viktim.
Parce que le Nègre met ses gros orteils à l’étrier.,Sé pas pou ou renouvèl-ou ké ba'y manjé.
"Puis, ils arrivèrent près d'une cabane où il y avait un foyer constitué de trois pierres.","Ansanm, yo rive non lòt kay. Yon twa wòch te fè yon dife."
Il avait déjà éraflé le visage de certaines personnes qui l’avaient traité de « Coolee bouffeur de chiens ».,"I té ja krazé latèt a anlo moun ki té ka batjé'y oben ""Kouli boufé chen""."
Ce qui fait qu’aujourd’hui il a des cauchemars.,Sa ki fè jodia i ka fè rèv-izo.
La femme est morte mais il faut que je la laisse tranquille.,Sé an moun ki ka vanné zié a-ou.
Nous avions peur car sa femme avait des difficultés à accoucher depuis la veille.,"Nou té ka pè pasionni, pas-pass' sa madanm-tala té ké pozé an chimen lantant an lantandan."
Ils ont fouaillé dans les trous à merde de la ville.,Yo fanné adan bann zépòl lavil-la.
C’est un geste qui les culpabilisait.,Sé on jès ki té ka fè yo sans consyans.
Corps déferrées mais cheveux défrisés.,"Tout kò a ka pléré, mé toubann a-iyi ka pléré."
"Romule fut trempé jusqu’aux os, son chapeau déteignit.","Romil te chire tankou on radjen, chapo li déte ni."
Il vient vous apporter son bienfait ?,Sé ba'w kon sa ki ka vini'y oddasi'y ?
Le poisson armé m’a menacé.,An pwason chabwakouto touye mwen.
Pour avoir droit à un peu de dorlotage.,Pou ni dwa a on ti koukouyaj.
C’était un homme comme il faut.,Sé té on bon nonm.
Parce que le crabe est tellement flegmatique.,Paskè le crab la fèy.
Une bonne odeur se dégageait de la terrine en terre cuite et lui chatouillait le nez.,Yon bon lòmans te sòti anba pla aji lè an ba li.
"Si je pouvais m’en aller, laisser le pays de français !",Si mwen té ké ka kite péi an mwen !
Ventre plein jusqu’à déborder.,Vant plen jouk débòde.
Cette personne avait le regard braqué vers le fond.,An moun-tala té ka wè asi adyé a'y.
Lorsqu'il aperçut Martinotte.,Lè i wè Martinòt.
J’ai toujours passé ma vie à tourner la déveine en dérision.,"Toujou, mwen ja konnen sa, mwen fè dépi mwen piti !"
Il fallait qu’ils aient des avions ou des fusées pour les emmener.,Fouté yo ni avion oben fizioun1 pou yo ka pôté yo.
Les larmes sèches qui s’étalaient sur ses joues lui donnaient l’air d’un masque du lundi-gras.,Pouilos séch té ka koulé atè'y té fè'y paré kon an maskad.
Singe avait posé un grand panier sur sa tête afin d’aller vendre des fruits et des baies.,Singe té ka wouè yonn gran foulara adan tèt-li pou alé fè mawché oben vann fwi oben bienchwit.
Tu ne savais pas que Lucien était un gourmand ?,Ou pa té sav kè Lusyen té ja ni bon manjé ?
Née des contradictions qu'il a vécues et suscitées.,Né des kontradiksyons ki i ka viv-épi-ki i ka fèt.
Ce sont quand même elles qui ont délivré toutes les mères de l’ancien temps de leurs charges.,"Se té yo menm ki té délivwé tout fanm lépok lontan, ki té ni anfan."
Ce sont elles qui détenaient les savoirs.,Se yo ki té ni konpwann.
Il suffit que vous bougiez pour qu’il y ait des licenciement sur les plantations et dans les usines.,"Ni si ou ka maché, tout moun pé ké ped poz lajan."
"Les animaux vivaient tranquilles, sans aucun désagrément.","Zanimo té ka viv adan lanpé, san A, ni pwoblem."
"Eau sucrée, eau d’arrow-root, eau de noix de coco à demi glacée.","Dlo siwou, dlo awoukot, dlo diwòz."
Aller voir les éclairs au faîte des arbres.,Alé wè léklè anlè oben bwa.
Le mépris était enraciné dans les mœurs des Békés et de tous les profiteurs.,Menpriz té ka fè pati adan kotidienn an té Béké ek tout moun ki té ka fè lajan atè.
Elle promène ses formes à travers le bureau.,An chayé'y ka mouné'y adan bidim.
Ils se saisirent du bœuf et se rendirent à la rivière pour le nettoyer.,"Yo pran bèt la pou lave l', rivay la."
Dites lui que l’argent se trouve à la Perception.,Di'y ké chiminé'y adan La Pès.
Ne pas se baigner ou ne pas prendre de douche.,Pa baigné' ou pa douché'.
Tellement elle était faché contre Petit Louis.,An toubannman ki té ka koumansé trapé'y.
"Ou la frégate sur la mer, sommet de son sillage qu'aucune écume ne trahit !","Ou la fregat anlè lanmè, wo a la tèt oben sinve an pa ni oben !"
"Tout le monde était triste, excepté un jeune homme appelé Matéo.","Tout moun té ka fè lafè, sèl Matéo pa té ka fè'y."
Le courrier est arrivé ce matin. J’ai entendu sa corne mugir dans la rade.,"Opital la vini asoupli. Sentanmin, Maleng vini fasilman splike."
Et les bougies clignotaient comme des lucioles en pleine saison du carême.,Épi as bouji té ké klaradé kon an lalin an kawemen.
"Tous les moins-que-rien, les débiles et les imbéciles se prennent pour des gens importants.","Tout moun ki pa ni anyen, imyéb, et débíl i ka fè kon si yo té enmen' anlo."
Parce que ce mal est une forme d'enchaînement.,Paskè sa a menm se yon fòm de-anchennman.
Il vous révèle comment est fait votre nombril.,I ka fè-w konnet konmandé'w ja fè-aw.
"La nuit de Noël, il s’agit alors de se rendre en bandes jusqu’au bord de mer à Schœlcher.","Lannuit de Nowèl, i pozé alò fok alé adan group jiskobòd la koté Schœlcher."
"Monsieur Cinna, un homme au teint rougeâtre dont l’épouse possédait une épicerie près de la croix du Morne Pichevin.","Monsieur Cinna, an man ni on zonm ki rouj, té madanm li té ni on épisri doubout a koté krwa Mòn Pichévin."
Gisèle est plus timide que je ne le pensais ou elle joue la comédie ?,"Gisèle pli timide yo ké mwen té ka wè'y la oswè a, ou sé kon sa'y ka fè'y ba'y."
Que quelqu’un était en train de commettre une indiscrétion à ce sujet.,Sa té ni moun ki té ka fè tèt-tèt adan sa.
"A cette époque, il n'y avait guère de médecins, il fallait se rendre dans un dispensaire.","An tan-lasa, pa té ni anlo doktè, fallè alé o swen."
C’est un fruit-à-pain blet qui vous regarde dans le blanc des yeux.,Sa a ni renmen fè-ou vrèman.
Cette curiosité qui vit au fond des âmes.,Sa a té adan lekè a moun.
Tous les deux finirent par crever avec leurs enfants.,Tout-dé kon sa fini adan mò.
"Lorsqu’il fait le lambin, cela m’enrage.","Lè i ka fè sanmdi, i pa ja fè gran choz."
"D'ailleurs, avec tout le chômage qu'il y a ici, je ne compte que sur mes deux mains.","Senyé, oben menm, oben adan tout boudéyò an chòmaj la, mwen ni twòp koté."
"Toutes dents dehors, il se mit à gronder.",Tout dan yo koumansé cho.
"Aujourd’hui, il est dans la détresse.","Jòdi a, i ka redé ké i pé pa sav kijan pou fè fas a sitiyasion an."
"Insoucieux des serpents qui se faufilaient dans les buissons, de leur langue en forme de trident.","An silans davwè zanj andidan bwa yo, anlo ki pezé an fòm de twidɔ̀."
Qui n’a pas oublié les traces que le feu a laissées sur lui.,Ki moun ki pa ja bliyé jan dife ja fè wouvè anlè'y ?
Ce que les dieux glorifient.,Sé sa ki plézi Bondaw.
"Dis donc, tu glousses de joie comme une poule qui vient de pondre !",Épi ou ja ka fè-ou on bel plézi !
"Hélas, il ne l’avait pas encore profondément entamé.","Anlo, i té ké ja ja kay fonn'y."
"Il fait noir, cela ne fait rien, il n’a pas besoin de voir clair.","I ka fè nwa, sa pa fè anyen, i pa ni bezwen wè byen."
Le soleil illuminait l’asphalte.,Solèy la ekleyé bitim lapawòl-la.
"Selon lui, il était un pleutre même si personne autour de lui n’avait une telle opinion.","Selon li, té ka fè i péché adan la kouyonri, alòsé moun ki té ni oben ba li."
Il faut croire qu’il y a quelque chose.,Sa ni yon bagay.
"Quand la personne ne parle pas vite, le créole mauricien n’est pas difficile à comprendre","Lor moun pa pôté lè, kreyòl morisien pa konpliké pou konprann."
"Il connaît toutes les forêts du Marin, de Rivière-Pilote, de Sainte-Luce, du Diamant.","An sa ki fè'y konnèt tout fowo-Maren, Rivyè-Pilot, Sen-Lis, Diman."
Même si tu es le premier bon à rien dans le peloton de la médisance.,Menm si ou se premye abitye nan pakèt mechancete a.
"La mayonnaise avait pris, façon de dire que le bal battait son plein.","La mayonnaise té ka pran, adan lontan an nou té ka di sa té ni anlo moun."
Il a fait cet accident parce que l’accélérateur est resté bloqué.,"Sé pas adan lanmen'y siplé, i té ké pé pa ni krik ni konpa."
"Hier soir, le chasuble du prêtre a été volé.","Niè swa, té ni on volaj an chasib."
Tu n’avais pas la tête vide.,Ou pa té ni tet vidé.
Il m'a appelé de sa voix rauque.,I té kay mwen.
Le regret ne doit pas vous casser les bras !,An toubwi pa dwe fè-w pa sav ou mové !
Un premier rang de gradin pour les juges.,Yonn premyé rang a lasiz pou jij.
Il descendit à toute vitesse vers la source Fourniol.,"Tout doulman, i desann ba Founiòl."
"D’ailleurs, personne ne semblait prêt à attendre encore une embellie.","An plis, ni moun pa té ka wè ki an lè zòt kay tann anlo anlo."
Il y aura des beaux parleurs qui voudront me mystifier.,Ka ni moun ka adan' menteri.
La taille de la Martinique est infime.,La taill' la Matinik en piti.
"Jeune fille, ne laisse pas ce va-nu-pieds te faire la cour !","Ti fi, pa pèmet' vagabonaj-la fè-w konmansman !"
"Au contraire de compère Chat, il n'est pas voleur.","An kontrè compè Chat, i pa vlé."
Il donna un coup de bec.,I té ka bay an koud'pik.
La canne a intéressé les colons parce qu'elle se conservait mieux que les autres types de culture.,La kann a enterese kolon an pas i ka konseve pi bien ki lot plant.
La fièvre s’était emparée de Filloline.,La fiev pwandé Filolin.
Je me demandais ce qu’il gagnait à mon alliance avec le bijoutier.,Mwen té ka mandé mwen kon sa'y té ka rété adan fè mwen konpwenn ek jonndéyè-a.
Célia était bienheureuse.,Sélya té an chimen dé bonè.
Le créole est une langue qui est apparue au début du 17e siècle.,Kréyòl sé yon lang ki té fèt o débu dè 17yèm sik.
Il existe un certain nombre de règles pour préparer un rafraîchissement.,I ka ni on chimen règle asi poun fè on ti-boisson.
Il alla déterrer le paquet et le déposa sur le sol.,Ki alé ka fouyé latè a ek pòté pakè a oben dèyè'y.
"Macaque habitait chez quelqu'un, dans une petite guérite qui se trouvait clouée tout en haut d'un arbre.","Makak té ka rété kay on moun, adan on ti lakaz ki té ka fiksé adan doubout oben oben on pyebwa."
"Après cela, elle avait reçu un grand nombre de gens qui avaient tout perdu suite à l'éruption de 1902.","Apré sa, i té ka rété anlo moun ki té wè yo pédi yo tout lè Véziré an 1902 té pété."
Il labourait encore son terrain en haut de la colline.,Anlo pase'y kon kouyon :(arga) an lot bò a tè a.
Chacun avait chez soi un foyer qui restait allumé de jour comme de nuit.,Chak moun té ni obenmen an kay anz-a'y ki té lajounen kon la nwi.
Tout le monde sait qu’il est un grand mathématicien.,Tout moun ka sav sa i matjitisien adan anlo matis.
Une autre qui récurait à l'aide d'un balai en feuilles de palmiste.,Yonn lòt ti madanm ki té ka froté atè a oben yonn balèt fèy latanvé.
Ötant des chiques entre les fentes de leurs orteils démolis.,An koumansé fè zéris-ongles.
"A la Compagnie, une foule de gens que madame Emile reconnut était venue accompagner le nouveau député de la Martinique.","An ladjè la-a, on sel moun ki manmadmil Emile té konnet la té ka vini goumé obenèkrakonnenkon, pou chofè Matinik-la."
Quelque part en Afrique ou en Amérique.,An chimen Afrik oben Léritaj.
Ce n'est pas de fixer le soleil qui te rendront les yeux secs.,Sé pa a fiksté solèy ki kay fè zyeux'w pa kriyé.
"Les gens qui aiment avoir leurs vêtements toujours bien blancs, à défaut de leur peau.","Moun ki ka abitye lavié vwèt yo dwèt konpwé, si yo pé pa sa fè sa ba yo."
"Ces petits voyous, dès qu'ils en avaient la possibilité, s'échappaient.","Sé ti manmay sa a, sitèk i té ka fè yo pé, yo té ka kouwonné."
Marignan tête-en fer n’allait pas plus loin que le seuil de sa maison.,Marinyan Tèt-Fè-ou pa té ké alé o dwat la kay-li.
"Touffeur de la méconnaissance, touffeur de l’oubli.","Chalè de lanmé, chalè latè."
Si la matrice de la personne sort pendant l’accouchement.,Si menm lebé a fanm vini sou zotobre-ou.
C’est lui qui lui avait insufflé force et courage quand il avait décidé de devenir violoniste.,Se li menm ki té ba'y fòs épi kouraj lè an té désidé fè'y viélonis.
La terre est basse pour ceux qui n’ont de cesse de sarcler.,La tè a ba pou moun ki pa janmen fini désherbé.
On dit que juste avant sa mort... On les voit défiler devant ses yeux.,On ka di ki bon lè an mò... Yo pasé an revi tou otou'y.
Laisse tomber le jeu un instant.,Tout bagay niyé a koté on moman.
"A vrai dire, je n’avais aucun travail éreintant à faire.","An vérité, an té ni anlo travay dijan atè kay mwen."
Les démarcheurs ont l’habitude de tromper les vieilles femmes.,Bitè fwatè-a ni mové koutim fè tèt yo.
Château déclara qu’il ne se préoccuperait même pas de se changer.,Chato déklara ki pa té ka di li menm ké saouvé fè'y onlo.
"Pour la denture, encore tant...Jusqu'à l'Oméga du monde nouveau !","Pou zo, ankor ankò...Jiskaske a dènye bagay ki pou fèt !"
Les pauvres portent leur misère sur leur dos comme une carapace de tortue.,Anons ka maché.
Qui ressemble à du coton ou à des cheveux fins et longs.,An alé ki té ni an zorey-éléfan.
Ils descendaient La Levée en courant depuis le Pont Démosthène.,Sé ka koté Bon Dié té ka pran tè a pou y fè solèy.
Je vous rejoins dans un quart d’heure.,Mwen ka vini oben kwadè tan.
Il n’y a pas longtemps qu’il sait jouer de l’harmonica.,Pa ni lontan ki i konn jwe a l'armonika.
Ce n'est pas toi qui te baisseras pour ce monsieur.,An pa ou ki pwal fè sa pou moun sa a.
"Alors, un jour, le roi rassembla tous ses conseillers et ses gardes.","An jou, oben jou an jou-ya, oben jou an jou, oben jou an jou-ya, oben jou, oben jou-ya, oben jou an jou. Le roi révélé konché-tout konzil-yo épi tout-sa ki ka gadé'y."
"Crois-moi, tu n’as pas l’air de quelqu’un que l’on pourrait tromper.","Kwè mwen, ou pa fèt pou tonbé nan piej."
Avec deux bouts de bois et un peu de peinture.,Avèk dé ti machwè ek on pè penty.
Il ne perdit pas son sang-froid. Il appela Crapaud qui était son serviteur.,I pa té ké fè pété'y. I mandé Crapo ki té adan'y.
Ce n’est pas une manière de faire une démonstration sur la technique avec la langue créole.,Sa pa ni yon fason pou fè yon demonstrasyon sou teknik la avèk lang kreyòl la.
L’état ne paie pas les gens à ne rien faire.,Léta ka pa bay moun lajan pou yo pa fè anyen.
Je te donnerai tous les renseignements afin que tu puisses te débrouiller.,"Mwen p'ap fè-ou on ti plasaj adan la konstitisyon, men mwen p'ap chanté kou ba la fanmi."
"Il existe des mères-gâteau, elles sont aussi douces que du sirop de miel.",I ni manman gato ki si an douos kon lanmèl.
Ton père est tellement lunatique qu’il ne m’a pas dit bonjour aujourd’hui.,Tonton ou ké fè-ou on tabac ?
Je pensais que l’extérieur de la maison était plus beau.,Mwen té kon pansé adan lanmen ki fè-ou pi bèl.
Sa langue jaillissait au dehors et sa tête était penchée d’un côté.,Sa lang té ka pend' a-ka-dehô épi'y té ka penché a on kô.
"Si Rosario s'en allait faire ses besoins naturels, il se trouvait là à surveiller ses excréments.","Si Rosario té ka alé fè pipi-kaka'y, an lwen, i té ka fimen'y."
